Text,File Name,Status
/ajax-loader.gif,/ajax-loader.gif,success
spring_conf_ad.jpg,spring_conf_ad.jpg,success
d9_dashboard_1_20_12.jpg,d9_dashboard_1_20_12.jpg,success
calendar_1.jpg,calendar_1.jpg,success
colville_newsletter.jpg,colville_newsletter.jpg,success
fallspeechcontests.jpg,fallspeechcontests.jpg,success
octadtop.jpg,octadtop.jpg,success
davenportmap.jpg,davenportmap.jpg,success
davenporttoeuropa.jpg,davenporttoeuropa.jpg,success
walkingfromeuropatodavenport.jpg,walkingfromeuropatodavenport.jpg,success
ed_keeney_01.jpg,ed_keeney_01.jpg,success
keynotes.jpg,keynotes.jpg,success
contests.jpg,contests.jpg,success
toastmasters.jpg,toastmasters.jpg,success
businessmeeting.jpg,businessmeeting.jpg,success
procession.jpg,procession.jpg,success
conagraaward.jpg,conagraaward.jpg,success
dtms_triplecrowns.jpg,dtms_triplecrowns.jpg,success
restofawards.jpg,restofawards.jpg,success
socialevents.jpg,socialevents.jpg,success
allthetrimmings.jpg,allthetrimmings.jpg,success
confcommittee.jpg,confcommittee.jpg,success
thedavenport.jpg,thedavenport.jpg,success
breakouts.jpg,breakouts.jpg,success
awardspart1.jpg,awardspart1.jpg,success
proclamationgraphic.jpg,proclamationgraphic.jpg,success
spring2013contests.jpg,spring2013contests.jpg,success
1363608328spring2013contests.jpg,1363608328spring2013contests.jpg,success
1365526405spring2013contests.jpg,1365526405spring2013contests.jpg,success
1365597776spring2013contests.jpg,1365597776spring2013contests.jpg,success
registrationbutton.jpg,registrationbutton.jpg,success
conferenceadheader.jpg,conferenceadheader.jpg,success
tmbluebullet.jpg,tmbluebullet.jpg,success
darrenlacroix.jpg,darrenlacroix.jpg,success
katforjist.jpg,katforjist.jpg,success
auctionbasket.jpg,auctionbasket.jpg,success
bestwestern.gif,bestwestern.gif,success
stuffedchickenbreast.jpg,stuffedchickenbreast.jpg,success
keynotecollage.jpg,keynotecollage.jpg,success
breakoutscollage.jpg,breakoutscollage.jpg,success
speechcontestcollage.jpg,speechcontestcollage.jpg,success
toastmasterscollage.jpg,toastmasterscollage.jpg,success
evaluationcontestcollage.jpg,evaluationcontestcollage.jpg,success
speakerscollagerev.jpg,speakerscollagerev.jpg,success
1370555191businessmeetingcollage.jpg,1370555191businessmeetingcollage.jpg,success
businessmeetingcollage.jpg,businessmeetingcollage.jpg,success
pageantryprocessionscollage1.jpg,pageantryprocessionscollage1.jpg,success
pageantryprocessionscollage2.jpg,pageantryprocessionscollage2.jpg,success
everythingelsecollage.jpg,everythingelsecollage.jpg,success
conferencecommitteecollage.jpg,conferencecommitteecollage.jpg,success
wenatcheeconferencecollage.jpg,wenatcheeconferencecollage.jpg,success
sundaybreakfasteventcollage.jpg,sundaybreakfasteventcollage.jpg,success
trioelectioncollage.jpg,trioelectioncollage.jpg,success
outstandingmembers_firsttimerscollage.jpg,outstandingmembers_firsttimerscollage.jpg,success
attendeescollage1.jpg,attendeescollage1.jpg,success
attendeescollage2.jpg,attendeescollage2.jpg,success
pdg_dtm.jpg,pdg_dtm.jpg,success
dsc06634.jpg,dsc06634.jpg,success
d9_2013convention.jpg,d9_2013convention.jpg,success
powerful_training_sticker_revised_1_.jpg,powerful_training_sticker_revised_1_.jpg,success
sherylcollage.jpg,sherylcollage.jpg,success
costumepartymontage.jpg,costumepartymontage.jpg,success
1382727102.02571toastmasters.jpg,1382727102.02571toastmasters.jpg,success
openingsessionmontage.jpg,openingsessionmontage.jpg,success
roadmaptosuccessmontage.jpg,roadmaptosuccessmontage.jpg,success
1382728019.07958breakouts.jpg,1382728019.07958breakouts.jpg,success
oftheyearawards.jpg,oftheyearawards.jpg,success
sponsors_coaches.jpg,sponsors_coaches.jpg,success
newdtmsmontage.jpg,newdtmsmontage.jpg,success
moreawards.jpg,moreawards.jpg,success
humorousspeechcontestmontage.jpg,humorousspeechcontestmontage.jpg,success
tabletopicscontest.jpg,tabletopicscontest.jpg,success
creativeclubmeetings.jpg,creativeclubmeetings.jpg,success
districtcouncilmontage.jpg,districtcouncilmontage.jpg,success
processionmontage.jpg,processionmontage.jpg,success
eveningsession.jpg,eveningsession.jpg,success
1382734494.332sundaybreakfasteventcollage.jpg,1382734494.332sundaybreakfasteventcollage.jpg,success
everythingelse.jpg,everythingelse.jpg,success
sundaymorningsession.jpg,sundaymorningsession.jpg,success
promotingclubsthumbnail.jpg,promotingclubsthumbnail.jpg,success
oct2013districtnewsletterthumbnail.jpg,oct2013districtnewsletterthumbnail.jpg,success
____khq_newscast____sam__lien_le_receives_americanism_award___youtube.jpg,____khq_newscast____sam__lien_le_receives_americanism_award___youtube.jpg,success
find_a_club_results___toastmasters_international.jpg,find_a_club_results___toastmasters_international.jpg,success
nov2013newsletterthumbnail.jpg,nov2013newsletterthumbnail.jpg,success
kvew.jpg,kvew.jpg,success
ambassadors.jpg,ambassadors.jpg,success
hooeyandtmlogo.jpg,hooeyandtmlogo.jpg,success
bobhooeysst.gif,bobhooeysst.gif,success
confpageheader.jpg,confpageheader.jpg,success
holidayinnexpress.jpg,holidayinnexpress.jpg,success
confpageheaderrev.jpg,confpageheaderrev.jpg,success
speak_the_movie_home____speak_the_movie___come_find_your_voice_.jpg,speak_the_movie_home____speak_the_movie___come_find_your_voice_.jpg,success
confidentspeakersmall.jpg,confidentspeakersmall.jpg,success
meetuplogo.jpg,meetuplogo.jpg,success
socialmedialinksmeetup.jpg,socialmedialinksmeetup.jpg,success
toastmastersweek2014proclamation.jpg,toastmastersweek2014proclamation.jpg,success
tlidetails.jpg,tlidetails.jpg,success
7_conference.jpg,7_conference.jpg,success
jason_and_paul_platt_truck_jpg.jpg,jason_and_paul_platt_truck_jpg.jpg,success
paul_jasoncomposite.jpg,paul_jasoncomposite.jpg,success
www_toastmasters_org_103_flier.jpg,www_toastmasters_org_103_flier.jpg,success
computer_presenter.jpg,computer_presenter.jpg,success
tlispokanemontage.jpg,tlispokanemontage.jpg,success
pascotli.jpg,pascotli.jpg,success
yakimaadjpg.jpg,yakimaadjpg.jpg,success
trcitiesadrev.jpg,trcitiesadrev.jpg,success
coeurdaleneadrevised.jpg,coeurdaleneadrevised.jpg,success
moscowad.jpg,moscowad.jpg,success
colvilleadprototype.jpg,colvilleadprototype.jpg,success
moselakead.jpg,moselakead.jpg,success
brickwallthumbnail.jpg,brickwallthumbnail.jpg,success
jobseekerthumbnail.jpg,jobseekerthumbnail.jpg,success
commskillsthumbnail.jpg,commskillsthumbnail.jpg,success
fearthumbnail.jpg,fearthumbnail.jpg,success
employercommthumbnail.jpg,employercommthumbnail.jpg,success
socialcollage_cip.jpg,socialcollage_cip.jpg,success
1400257258.46764keynotecollage.jpg,1400257258.46764keynotecollage.jpg,success
1400258534.24472toastmasterscollage.jpg,1400258534.24472toastmasterscollage.jpg,success
morningsession.jpg,morningsession.jpg,success
1400263140.4235breakoutscollage.jpg,1400263140.4235breakoutscollage.jpg,success
newdtmscollage.jpg,newdtmscollage.jpg,success
moreawardscollage.jpg,moreawardscollage.jpg,success
1400266942.40116evaluationcontestcollage.jpg,1400266942.40116evaluationcontestcollage.jpg,success
intlspeechcollage.jpg,intlspeechcollage.jpg,success
bizmeetingcollage.jpg,bizmeetingcollage.jpg,success
processioncollage.jpg,processioncollage.jpg,success
sundaycollage.jpg,sundaycollage.jpg,success
1400276882.81255sundaycollage.jpg,1400276882.81255sundaycollage.jpg,success
auctionwalloffameraffles.jpg,auctionwalloffameraffles.jpg,success
1400277606.14215auctionwalloffameraffles.jpg,1400277606.14215auctionwalloffameraffles.jpg,success
firsttimercollage.jpg,firsttimercollage.jpg,success
fallconferencepreview.jpg,fallconferencepreview.jpg,success
districtleaderscollage.jpg,districtleaderscollage.jpg,success
confcommitteecollage.jpg,confcommitteecollage.jpg,success
facescollage.jpg,facescollage.jpg,success
may2014newsletterthumbnail.jpg,may2014newsletterthumbnail.jpg,success
1401370373.69342dtms_triplecrowns.jpg,1401370373.69342dtms_triplecrowns.jpg,success
burgundyregistrationbutton.jpg,burgundyregistrationbutton.jpg,success
messagesthatmatter.png,messagesthatmatter.png,success
screenshotforconfwebpage.jpg,screenshotforconfwebpage.jpg,success
1402836742.53821tmbluebullet.jpg,1402836742.53821tmbluebullet.jpg,success
messagesthatmattercropped.jpg,messagesthatmattercropped.jpg,success
mikestorkey.jpg,mikestorkey.jpg,success
d9newsletterjune2014_thumbnail.jpg,d9newsletterjune2014_thumbnail.jpg,success
meetdistrictleaders.jpg,meetdistrictleaders.jpg,success
districtcalendar.jpg,districtcalendar.jpg,success
siteurl.jpg,siteurl.jpg,success
districtleaderlogin.jpg,districtleaderlogin.jpg,success
redarrow.jpg,redarrow.jpg,success
loginscreen.jpg,loginscreen.jpg,success
nameappearslogin.jpg,nameappearslogin.jpg,success
authenticate.jpg,authenticate.jpg,success
1404149636.0514districtcalendar.jpg,1404149636.0514districtcalendar.jpg,success
distcalendarmenuitem.jpg,distcalendarmenuitem.jpg,success
calendarview.jpg,calendarview.jpg,success
calendarevent.jpg,calendarevent.jpg,success
editremoveevent.jpg,editremoveevent.jpg,success
editprofile.jpg,editprofile.jpg,success
edityourprofile.jpg,edityourprofile.jpg,success
editprofilescreen.jpg,editprofilescreen.jpg,success
meet_our_district_leaders.jpg,meet_our_district_leaders.jpg,success
logopossibility1.png,logopossibility1.png,success
output_tkhbnt.gif,output_tkhbnt.gif,success
julyaugthumbnail.png,julyaugthumbnail.png,success
clubseligibleforcoaches.jpg,clubseligibleforcoaches.jpg,success
clubcoachflierthumb.jpg,clubcoachflierthumb.jpg,success
4_networking.jpg,4_networking.jpg,success
howtosponsornewclub.jpg,howtosponsornewclub.jpg,success
www_toastmasters_org_218g_pdf_aspx.jpg,www_toastmasters_org_218g_pdf_aspx.jpg,success
d9slideshow.gif,d9slideshow.gif,success
90thlogo.jpg,90thlogo.jpg,success
registerbutton.jpg,registerbutton.jpg,success
lisabrown.jpg,lisabrown.jpg,success
fallissue2014district9newsletter_thumbnail__page_1_of_7_.jpg,fallissue2014district9newsletter_thumbnail__page_1_of_7_.jpg,success
intldanceparty.jpg,intldanceparty.jpg,success
early_bird_2015_pdf__1_page_.jpg,early_bird_2015_pdf__1_page_.jpg,success
yakimabutton.jpg,yakimabutton.jpg,success
1414788208.68281d9slideshowgif.gif,1414788208.68281d9slideshowgif.gif,success
newdtmcollage.png,newdtmcollage.png,success
dtmgroupphoto.jpg,dtmgroupphoto.jpg,success
askmeabouttoastmasters__overview_ppt.jpg,askmeabouttoastmasters__overview_ppt.jpg,success
gavel.jpg,gavel.jpg,success
d9quartet.jpg,d9quartet.jpg,success
triplecrown.jpg,triplecrown.jpg,success
hall_of_fame_1_256.png,hall_of_fame_1_256.png,success
11_conference.jpg,11_conference.jpg,success
speakersbureauwidget_ppt.jpg,speakersbureauwidget_ppt.jpg,success
1416778409.42179intldanceparty.jpg,1416778409.42179intldanceparty.jpg,success
colorguardcollage.png,colorguardcollage.png,success
bizmeeting.jpg,bizmeeting.jpg,success
lunchlearncollage.jpg,lunchlearncollage.jpg,success
yakima.jpg,yakima.jpg,success
1416780183.41953newdtmcollage.png,1416780183.41953newdtmcollage.png,success
1416780418.73475dtmgroupphoto.jpg,1416780418.73475dtmgroupphoto.jpg,success
1416781409.91114oftheyearawards.jpg,1416781409.91114oftheyearawards.jpg,success
distinguisheddistrict.jpg,distinguisheddistrict.jpg,success
shellymonahan.jpg,shellymonahan.jpg,success
employerpanel.jpg,employerpanel.jpg,success
contestcollage.jpg,contestcollage.jpg,success
humorouscontest.jpg,humorouscontest.jpg,success
1416784784.37516tabletopicscontest.jpg,1416784784.37516tabletopicscontest.jpg,success
moments.jpg,moments.jpg,success
1416786914.05893moments.jpg,1416786914.05893moments.jpg,success
1416787014.63466facescollage.jpg,1416787014.63466facescollage.jpg,success
nov_decnewsd9.png,nov_decnewsd9.png,success
logo.jpg,logo.jpg,success
ccunneen.jpg,ccunneen.jpg,success
yakimavalleyhotel.jpg,yakimavalleyhotel.jpg,success
5_conference.jpg,5_conference.jpg,success
1422467569.52787early_bird_2015_pdf__1_page_.jpg,1422467569.52787early_bird_2015_pdf__1_page_.jpg,success
spring_conference_2015_pdf__1_page_.jpg,spring_conference_2015_pdf__1_page_.jpg,success
d9slideshowrev4.gif,d9slideshowrev4.gif,success
2015_02_04_10_49_33.gif,2015_02_04_10_49_33.gif,success
0distinguished.png,0distinguished.png,success
tmtalltalesvs6_1__pdf__1_page_.jpg,tmtalltalesvs6_1__pdf__1_page_.jpg,success
jimmarquardt.jpg,jimmarquardt.jpg,success
kat_training140x140.jpg,kat_training140x140.jpg,success
christine.jpg,christine.jpg,success
ednewman.jpg,ednewman.jpg,success
johnson_mark_pro_photo.jpg,johnson_mark_pro_photo.jpg,success
shasmattigod.jpg,shasmattigod.jpg,success
maria_mcdonald_mcnamar.jpg,maria_mcdonald_mcnamar.jpg,success
fatherbill.jpg,fatherbill.jpg,success
vicracicot.jpg,vicracicot.jpg,success
1427124151.19691christine.jpg,1427124151.19691christine.jpg,success
tomjones.jpg,tomjones.jpg,success
p1050472.jpg,p1050472.jpg,success
maureen.jpg,maureen.jpg,success
theresa_puccio.jpg,theresa_puccio.jpg,success
bill_breakey_toastmasters___google_search.jpg,bill_breakey_toastmasters___google_search.jpg,success
p1020450.jpg,p1020450.jpg,success
trio.jpg,trio.jpg,success
april15.png,april15.png,success
6_networking.jpg,6_networking.jpg,success
closingthesale.jpg,closingthesale.jpg,success
goalsetting.jpg,goalsetting.jpg,success
service_leadership.jpg,service_leadership.jpg,success
leaderascoach.jpg,leaderascoach.jpg,success
motivatingpeople.jpg,motivatingpeople.jpg,success
visionaryleader.jpg,visionaryleader.jpg,success
communicatingcustomers.jpg,communicatingcustomers.jpg,success
telling_business_story___google_search.jpg,telling_business_story___google_search.jpg,success
startup_pitch___google_search.jpg,startup_pitch___google_search.jpg,success
planning.jpg,planning.jpg,success
gettingwordout.jpg,gettingwordout.jpg,success
marketing_promotion___google_search.jpg,marketing_promotion___google_search.jpg,success
follow_up___google_search.jpg,follow_up___google_search.jpg,success
profpresence.jpg,profpresence.jpg,success
1clubfliersmall_business_tearoffs_pdf__1_page_.jpg,1clubfliersmall_business_tearoffs_pdf__1_page_.jpg,success
multiclubfliersmallbusiness_pdf__1_page_.jpg,multiclubfliersmallbusiness_pdf__1_page_.jpg,success
smallbusinesseventinvitation_pdf__1_page_.jpg,smallbusinesseventinvitation_pdf__1_page_.jpg,success
withers_bio_pic.jpg,withers_bio_pic.jpg,success
1map.png,1map.png,success
about_barbara___barbara_khozam__customer_service_speaker.jpg,about_barbara___barbara_khozam__customer_service_speaker.jpg,success
flierforwebpage_ppt.jpg,flierforwebpage_ppt.jpg,success
www_toastmasters_org___media_16c089d17afd4553a4cea648b8e9946a_ashx.jpg,www_toastmasters_org___media_16c089d17afd4553a4cea648b8e9946a_ashx.jpg,success
buttons_doc__pendletonconference_.jpg,buttons_doc__pendletonconference_.jpg,success
toastmasters_membership_growth___google_search.jpg,toastmasters_membership_growth___google_search.jpg,success
finance.jpg,finance.jpg,success
parliamentarian.jpg,parliamentarian.jpg,success
nominating.gif,nominating.gif,success
audiovisual___google_search.jpg,audiovisual___google_search.jpg,success
marketingstrategy.jpg,marketingstrategy.jpg,success
incentives.jpg,incentives.jpg,success
photography___google_search.jpg,photography___google_search.jpg,success
toastmasters_international__new_titles_divdirector.jpg,toastmasters_international__new_titles_divdirector.jpg,success
toastmasters_international__ad_for_district_leaders_in_2015.jpg,toastmasters_international__ad_for_district_leaders_in_2015.jpg,success
smallmeetupicon.jpg,smallmeetupicon.jpg,success
audit.png,audit.png,success
dtms.jpg,dtms.jpg,success
teamtalltales1.jpg,teamtalltales1.jpg,success
teamtalltales2.jpg,teamtalltales2.jpg,success
teamtalltales3.jpg,teamtalltales3.jpg,success
teamtalltales4.jpg,teamtalltales4.jpg,success
teamtalltalesfaces.jpg,teamtalltalesfaces.jpg,success
newdtms.jpg,newdtms.jpg,success
awards.jpg,awards.jpg,success
outstandingmembers.jpg,outstandingmembers.jpg,success
1432481508.74719breakouts.jpg,1432481508.74719breakouts.jpg,success
evaluationcontest.jpg,evaluationcontest.jpg,success
intlspeechcontest.jpg,intlspeechcontest.jpg,success
bizmtg_election.jpg,bizmtg_election.jpg,success
keynoters.jpg,keynoters.jpg,success
atthelectern.jpg,atthelectern.jpg,success
catinthehat.jpg,catinthehat.jpg,success
1432482607.61376confcommittee.jpg,1432482607.61376confcommittee.jpg,success
people.jpg,people.jpg,success
1432482809.42873everythingelse.jpg,1432482809.42873everythingelse.jpg,success
wordle___training.jpg,wordle___training.jpg,success
questionbuttonbetter.jpg,questionbuttonbetter.jpg,success
01titleslide.jpg,01titleslide.jpg,success
july2015.png,july2015.png,success
output_gd1pij.gif,output_gd1pij.gif,success
redcowboyhat.jpg,redcowboyhat.jpg,success
natmug.jpg,natmug.jpg,success
pammurray.jpg,pammurray.jpg,success
mikeanthonymugevensmaller.jpg,mikeanthonymugevensmaller.jpg,success
stef_durham___linkedin.jpg,stef_durham___linkedin.jpg,success
laurabigger.jpg,laurabigger.jpg,success
michellemidsize.jpg,michellemidsize.jpg,success
barbara_khozamheadshot.jpg,barbara_khozamheadshot.jpg,success
dennisbauer.jpg,dennisbauer.jpg,success
margaret_page_007r___cropped_jpg.jpg,margaret_page_007r___cropped_jpg.jpg,success
proxy.jpg,proxy.jpg,success
flierregistrationspring2016conf_pdf__1_page_.jpg,flierregistrationspring2016conf_pdf__1_page_.jpg,success
flierregistrationspring2016conf_pdfbigger__1_page_.jpg,flierregistrationspring2016conf_pdfbigger__1_page_.jpg,success
dectrainingpromo_pdf__1_page_.jpg,dectrainingpromo_pdf__1_page_.jpg,success
sitemapbutton.jpg,sitemapbutton.jpg,success
snowpix.jpg,snowpix.jpg,success
gitrdone.jpg,gitrdone.jpg,success
bootcampsked.jpg,bootcampsked.jpg,success
trainingpromoscreenshot.jpg,trainingpromoscreenshot.jpg,success
output_ic3xmy.gif,output_ic3xmy.gif,success
d9quadedited.jpg,d9quadedited.jpg,success
iancunliffe.jpg,iancunliffe.jpg,success
lance_miller___google_search.jpg,lance_miller___google_search.jpg,success
speechcraftopptosucceed.gif,speechcraftopptosucceed.gif,success
speechcraftgiveaway.jpg,speechcraftgiveaway.jpg,success
publicity.jpg,publicity.jpg,success
tom_jim.jpg,tom_jim.jpg,success
mark_theresa.jpg,mark_theresa.jpg,success
clubsneedingcoaches.jpg,clubsneedingcoaches.jpg,success
newdtmfall2015collage.jpg,newdtmfall2015collage.jpg,success
trailblazertalks2collage.jpg,trailblazertalks2collage.jpg,success
keynotercollage.jpg,keynotercollage.jpg,success
1452430471.2454_toastmasterscollage.jpg,1452430471.2454_toastmasterscollage.jpg,success
tabletopicscollage.jpg,tabletopicscollage.jpg,success
1452433953.70265_newdtmfall2015collage.jpg,1452433953.70265_newdtmfall2015collage.jpg,success
img_5063_dtms_2015_16.jpg,img_5063_dtms_2015_16.jpg,success
1452434107.39805_img_5063_dtms_2015_16.jpg,1452434107.39805_img_5063_dtms_2015_16.jpg,success
humorouscontestcollage.jpg,humorouscontestcollage.jpg,success
1452435432.45001_facescollage.jpg,1452435432.45001_facescollage.jpg,success
trailblazertalks3collage.jpg,trailblazertalks3collage.jpg,success
trailblazertalks1collage.jpg,trailblazertalks1collage.jpg,success
oftheyearawardscollage.jpg,oftheyearawardscollage.jpg,success
triplecrownscollege.jpg,triplecrownscollege.jpg,success
audiencecollage_cip.jpg,audiencecollage_cip.jpg,success
1452469575.44368_everythingelsecollage.jpg,1452469575.44368_everythingelsecollage.jpg,success
img_5095_conference_committee_chairs.jpg,img_5095_conference_committee_chairs.jpg,success
toastmasters_international_week_2016.jpg,toastmasters_international_week_2016.jpg,success
1header.jpg,1header.jpg,success
1454528941_registrationbutton.jpg,1454528941_registrationbutton.jpg,success
2keynote.jpg,2keynote.jpg,success
3championchats.jpg,3championchats.jpg,success
4fridaynightsocial.jpg,4fridaynightsocial.jpg,success
5hotel.jpg,5hotel.jpg,success
6lunch.jpg,6lunch.jpg,success
7dinner.jpg,7dinner.jpg,success
8somethingnew.jpg,8somethingnew.jpg,success
1454535999_4fridaynightsocial.jpg,1454535999_4fridaynightsocial.jpg,success
1454604241_3championchats.jpg,1454604241_3championchats.jpg,success
jimmillerwithaward.jpg,jimmillerwithaward.jpg,success
championchats.jpg,championchats.jpg,success
1keynote.jpg,1keynote.jpg,success
1458756096_3championchats.jpg,1458756096_3championchats.jpg,success
3achampionchats.jpg,3achampionchats.jpg,success
1458756624_4fridaynightsocial.jpg,1458756624_4fridaynightsocial.jpg,success
2akeynote.jpg,2akeynote.jpg,success
jennifer.jpg,jennifer.jpg,success
vchadderton.jpg,vchadderton.jpg,success
edkeeney.jpg,edkeeney.jpg,success
laura.jpg,laura.jpg,success
1459638168_pammurray.jpg,1459638168_pammurray.jpg,success
allen_hanson.jpg,allen_hanson.jpg,success
christine_spring2015.jpg,christine_spring2015.jpg,success
allen.jpg,allen.jpg,success
mikemurraychat.jpg,mikemurraychat.jpg,success
championchats2.jpg,championchats2.jpg,success
championchats3.jpg,championchats3.jpg,success
1459736110_championchats3.jpg,1459736110_championchats3.jpg,success
1460480070_4fridaynightsocial.jpg,1460480070_4fridaynightsocial.jpg,success
3bchampionchats.jpg,3bchampionchats.jpg,success
3cchampionchats.jpg,3cchampionchats.jpg,success
3dchampionchats.jpg,3dchampionchats.jpg,success
1460747674_3echampionchats.jpg,1460747674_3echampionchats.jpg,success
superearlybirdregistrationfall2016.jpg,superearlybirdregistrationfall2016.jpg,success
lewistonconfbutton.jpg,lewistonconfbutton.jpg,success
output_tmqdv7.gif,output_tmqdv7.gif,success
06trio.jpg,06trio.jpg,success
img_9800_trio_christina_meyer_kathy_hansen_jennifer_zerba_copy.jpg,img_9800_trio_christina_meyer_kathy_hansen_jennifer_zerba_copy.jpg,success
clubsneedingcoachesjune2016.jpg,clubsneedingcoachesjune2016.jpg,success
July2016NewsletterThumbnail.png,July2016NewsletterThumbnail.png,success
IndividualRewards.png,IndividualRewards.png,success
ClubRewards.png,ClubRewards.png,success
NightofChampsAds.png,NightofChampsAds.png,success
NightofChampsAdREV.png,NightofChampsAdREV.png,success
1469743697_ChampsforWeb.png,1469743697_ChampsforWeb.png,success
SpringIntlSpeechWinners.jpg,SpringIntlSpeechWinners.jpg,success
Logo.jpg,Logo.jpg,success
treasurer.jpg,treasurer.jpg,success
YouAreWorthIt.jpg,YouAreWorthIt.jpg,success
PayDues.jpg,PayDues.jpg,success
MomentsOfTruth.jpg,MomentsOfTruth.jpg,success
1472909576_MomentsOfTruth.jpg,1472909576_MomentsOfTruth.jpg,success
ClubSuccessPlan.jpg,ClubSuccessPlan.jpg,success
ForConfWebPage_ppt.jpg,ForConfWebPage_ppt.jpg,success
D9_Newsletter_Sept_2016.jpg,D9_Newsletter_Sept_2016.jpg,success
RevisedPathwaysPageAmbassadorsPic.jpg,RevisedPathwaysPageAmbassadorsPic.jpg,success
SpringConference.jpg,SpringConference.jpg,success
nominate.png,nominate.png,success
ElectionPolicy.jpg,ElectionPolicy.jpg,success
IMG_9048_TM_D9_Costume_Party_10_28_2016_Lewiston_ID_copy.jpg,IMG_9048_TM_D9_Costume_Party_10_28_2016_Lewiston_ID_copy.jpg,success
IMG_1289.jpg,IMG_1289.jpg,success
Cover_for_Nov_2016_D9_Newsletter.jpg,Cover_for_Nov_2016_D9_Newsletter.jpg,success
TM_Collage_Spring_2016_Tshirts_copy.jpg,TM_Collage_Spring_2016_Tshirts_copy.jpg,success
Cursor_and_Presentation2.jpg,Cursor_and_Presentation2.jpg,success
redlion.jpg,redlion.jpg,success
Lloyd_Smith.jpg,Lloyd_Smith.jpg,success
Lloyd_Smith_2.jpg,Lloyd_Smith_2.jpg,success
District_9_Conference_Flyer_1_with_grey_back.jpg,District_9_Conference_Flyer_1_with_grey_back.jpg,success
RL_Mitchell_close_up_copy.jpg,RL_Mitchell_close_up_copy.jpg,success
DanaMorgan-BarnesHead_copy.jpg,DanaMorgan-BarnesHead_copy.jpg,success
Pam_Beasley_copy.jpg,Pam_Beasley_copy.jpg,success
Maria_Close_up_copy.jpg,Maria_Close_up_copy.jpg,success
Powerhouse_March_2017.jpg,Powerhouse_March_2017.jpg,success
District_9_Conference_Flyer_for_D9_Website.jpg,District_9_Conference_Flyer_for_D9_Website.jpg,success
D9_TM_Sides_for_Webpage_4.gif,D9_TM_Sides_for_Webpage_4.gif,success
TM_Social_edited-2.jpg,TM_Social_edited-2.jpg,success
TM_Social_Blue.jpg,TM_Social_Blue.jpg,success
Byran_Embry_white_back_and_caption.jpg,Byran_Embry_white_back_and_caption.jpg,success
Byran_Embry_white_back_with_caption.jpg,Byran_Embry_white_back_with_caption.jpg,success
d9TM_Slides_for_Webpage_4_21_2017.gif,d9TM_Slides_for_Webpage_4_21_2017.gif,success
Byron_Embry_300x300.jpg,Byron_Embry_300x300.jpg,success
JohnBarnesIDPic.jpg,JohnBarnesIDPic.jpg,success
May2017_1_-Copy.JPG,May2017_1_-Copy.JPG,success
Webp.net-gifmaker.gif,Webp.net-gifmaker.gif,success
image.png,image.png,success
1496847769_image.png,1496847769_image.png,success
Gary_Schmidt_Head_Shot_20170607_Snipping_Tool.PNG,Gary_Schmidt_Head_Shot_20170607_Snipping_Tool.PNG,success
RedLionImage2.PNG,RedLionImage2.PNG,success
Fall_2017_Conference_Webpage_Banner_2.PNG,Fall_2017_Conference_Webpage_Banner_2.PNG,success
Fall_2017_Conference_Webpage_Banner_3.PNG,Fall_2017_Conference_Webpage_Banner_3.PNG,success
Fall_2017_Conference_Webpage_Banner_4.PNG,Fall_2017_Conference_Webpage_Banner_4.PNG,success
Fall_2017_Conference_Webpage_Banner_5.PNG,Fall_2017_Conference_Webpage_Banner_5.PNG,success
RedLionImage3.PNG,RedLionImage3.PNG,success
2017-2018Trio.jpg,2017-2018Trio.jpg,success
DTMsFall2017.jpg,DTMsFall2017.jpg,success
NancyShattoDistict9Semifinalist.jpg,NancyShattoDistict9Semifinalist.jpg,success
9503f2fa-3561-47da-a00c-444058f1334b.jpg,9503f2fa-3561-47da-a00c-444058f1334b.jpg,success
1502248769_image.png,1502248769_image.png,success
1502248812_image.png,1502248812_image.png,success
Capture.PNG,Capture.PNG,success
1503339912_image.png,1503339912_image.png,success
1503981018_image.png,1503981018_image.png,success
1503981075_image.png,1503981075_image.png,success
1503981175_image.png,1503981175_image.png,success
1503981330_image.png,1503981330_image.png,success
1507415586_image.png,1507415586_image.png,success
1507416673_image.png,1507416673_image.png,success
Omar_Rivas_Headshot.PNG,Omar_Rivas_Headshot.PNG,success
Ed_Keeney_Headshot.PNG,Ed_Keeney_Headshot.PNG,success
Lillia_Green_Headshot_20171006.jpg,Lillia_Green_Headshot_20171006.jpg,success
1510524579_image.png,1510524579_image.png,success
1510524628_image.png,1510524628_image.png,success
Club_Growth_Workshop_Image_20171112.PNG,Club_Growth_Workshop_Image_20171112.PNG,success
1510624871_image.png,1510624871_image.png,success
1510624922_image.png,1510624922_image.png,success
Pat_Johnson_and_Gary_Schmidt_copy.jpg,Pat_Johnson_and_Gary_Schmidt_copy.jpg,success
IMG_9388_Trio_2017_18_close_up.jpg,IMG_9388_Trio_2017_18_close_up.jpg,success
1513195863_IMG_9388_Trio_2017_18_close_up.jpg,1513195863_IMG_9388_Trio_2017_18_close_up.jpg,success
IMG_0001_DTMs_Fall_2017__labeled_copy.jpg,IMG_0001_DTMs_Fall_2017__labeled_copy.jpg,success
Clubs_that_Need_Coaches_2017.png,Clubs_that_Need_Coaches_2017.png,success
Clubs_Eligible_for_Coaches_2017.jpg,Clubs_Eligible_for_Coaches_2017.jpg,success
1514575634_image.png,1514575634_image.png,success
1514940677_image.png,1514940677_image.png,success
1514940729_image.png,1514940729_image.png,success
2018-spring-conference-flier_3__pdf.jpg,2018-spring-conference-flier_3__pdf.jpg,success
register-now-button-red1.jpg,register-now-button-red1.jpg,success
ButtonbyPayPal.jpg,ButtonbyPayPal.jpg,success
ButtonByCheck.jpg,ButtonByCheck.jpg,success
Talk-Up-Toastmasters.jpg,Talk-Up-Toastmasters.jpg,success
Walla_Walla_COT_Round_2_20180204.jpg,Walla_Walla_COT_Round_2_20180204.jpg,success
SpokaneButton.jpg,SpokaneButton.jpg,success
1519143884_image.png,1519143884_image.png,success
1519355859_image.png,1519355859_image.png,success
1519355876_image.png,1519355876_image.png,success
1519355928_image.png,1519355928_image.png,success
1519508409_image.png,1519508409_image.png,success
1519699762_image.png,1519699762_image.png,success
1519700648_image.png,1519700648_image.png,success
1519700727_image.png,1519700727_image.png,success
2018_proclamation_2.jpg,2018_proclamation_2.jpg,success
RegButtonsPayByCheck.jpg,RegButtonsPayByCheck.jpg,success
1522162432_image.png,1522162432_image.png,success
1522198725_image.png,1522198725_image.png,success
1522198861_image.png,1522198861_image.png,success
logo.png,logo.png,success
1522259839_logo.png,1522259839_logo.png,success
path.png,path.png,success
pathways.png,pathways.png,success
JanTaylor_Headshot.jpg,JanTaylor_Headshot.jpg,success
Tina.jpg,Tina.jpg,success
Debra.jpg,Debra.jpg,success
Ceitllyn.jpg,Ceitllyn.jpg,success
_1__Jung_Pyung_Choi.jpg,_1__Jung_Pyung_Choi.jpg,success
LindaK.jpg,LindaK.jpg,success
JanV.jpg,JanV.jpg,success
Elizabeth.jpg,Elizabeth.jpg,success
_2__Karen_Malcolm.jpg,_2__Karen_Malcolm.jpg,success
Cathy_Simons.jpg,Cathy_Simons.jpg,success
adrian_desilva.jpg,adrian_desilva.jpg,success
Gary_Hildebrand.jpg,Gary_Hildebrand.jpg,success
Jacek_Berka.jpg,Jacek_Berka.jpg,success
Jan_VanHoven.jpg,Jan_VanHoven.jpg,success
Mark_Haven.jpg,Mark_Haven.jpg,success
Mary_Pellicer.jpg,Mary_Pellicer.jpg,success
Nancy_Shatto.jpg,Nancy_Shatto.jpg,success
VictoriaChadderton.jpg,VictoriaChadderton.jpg,success
SeanEiholzer.jpg,SeanEiholzer.jpg,success
1523569755_Jan_VanHoven.jpg,1523569755_Jan_VanHoven.jpg,success
1523569934_VictoriaChadderton.jpg,1523569934_VictoriaChadderton.jpg,success
SmedleyTalks1.jpg,SmedleyTalks1.jpg,success
SmedleyTalks2.jpg,SmedleyTalks2.jpg,success
Breakouts.jpg,Breakouts.jpg,success
Keynoters1.jpg,Keynoters1.jpg,success
Keynoters2.jpg,Keynoters2.jpg,success
Contests.jpg,Contests.jpg,success
PreConference.jpg,PreConference.jpg,success
Menus.jpg,Menus.jpg,success
DistrictCouncil.jpg,DistrictCouncil.jpg,success
Model_-_LILAC-ROUTE-2018_pdf.jpg,Model_-_LILAC-ROUTE-2018_pdf.jpg,success
LilacParade.jpg,LilacParade.jpg,success
DoubleTree.jpg,DoubleTree.jpg,success
Convention_Center_Specs_Sheet_pdf.jpg,Convention_Center_Specs_Sheet_pdf.jpg,success
Blue_Callout.png,Blue_Callout.png,success
1525719793_image.png,1525719793_image.png,success
1530075396_image.png,1530075396_image.png,success
Trio_Maria_McNamar_DTM__PQD_2018-19.jpg,Trio_Maria_McNamar_DTM__PQD_2018-19.jpg,success
Trio_Debra_Kroon_DTM_CGD_2018-19.jpg,Trio_Debra_Kroon_DTM_CGD_2018-19.jpg,success
A_Ceitllyn_Connal_Div_A_Director_2018_19.jpg,A_Ceitllyn_Connal_Div_A_Director_2018_19.jpg,success
A2_Ritva_Kinzel_Area_A2_Director_2018_19.jpg,A2_Ritva_Kinzel_Area_A2_Director_2018_19.jpg,success
A3_Valerie_Kanu_Area_A3_Director_2018_19.jpg,A3_Valerie_Kanu_Area_A3_Director_2018_19.jpg,success
B_Jung_Pyung_Choi_Div_B_Director_2018_19.jpg,B_Jung_Pyung_Choi_Div_B_Director_2018_19.jpg,success
B1_Wayne_Engel_Area_B1_Director_2018_19.jpg,B1_Wayne_Engel_Area_B1_Director_2018_19.jpg,success
B2_Satish_Nune_Area_B2_Director_2018_19.jpg,B2_Satish_Nune_Area_B2_Director_2018_19.jpg,success
C_Linda_Karalfa_DTM_Div_C_Director_2018_19.jpg,C_Linda_Karalfa_DTM_Div_C_Director_2018_19.jpg,success
C1_Webb_Keller_Area_C1_Director_2018_19.jpg,C1_Webb_Keller_Area_C1_Director_2018_19.jpg,success
C3_Dycelia_Weiss_Area_C3_Director_2018_19.jpg,C3_Dycelia_Weiss_Area_C3_Director_2018_19.jpg,success
C4_Molly_Harley_Area_C4_Director_2018_19.jpg,C4_Molly_Harley_Area_C4_Director_2018_19.jpg,success
E_Elizabeth_Russell_Div_E_Director_2018_19.jpg,E_Elizabeth_Russell_Div_E_Director_2018_19.jpg,success
D3_Bo_Liu_Area_D3_Director_2018_19.jpg,D3_Bo_Liu_Area_D3_Director_2018_19.jpg,success
Dr_Jennifer_Ferrero_Area_D3_Director_2018_19.jpg,Dr_Jennifer_Ferrero_Area_D3_Director_2018_19.jpg,success
E1_Jason_Zerba_Area_E1_Director_2018_19.jpg,E1_Jason_Zerba_Area_E1_Director_2018_19.jpg,success
Liliana_Mandigo_Public_Relations_Mngr_2018_19.jpg,Liliana_Mandigo_Public_Relations_Mngr_2018_19.jpg,success
Leigh_Pinkham_Johnston_Adm_Mngr_2018_19.jpg,Leigh_Pinkham_Johnston_Adm_Mngr_2018_19.jpg,success
placeholder.png,placeholder.png,success
Trio_Jan_Taylor_DTM_Rev_2_District_9_Director_2018-19.jpg,Trio_Jan_Taylor_DTM_Rev_2_District_9_Director_2018-19.jpg,success
welcometod9.gif,welcometod9.gif,success
welcometod9.jpg,welcometod9.jpg,success
welcometod09.jpg,welcometod09.jpg,success
1530585802_welcometod09.jpg,1530585802_welcometod09.jpg,success
C2_Kimberly_Rice_Brown_Area_C2_Director_2018_19.jpg,C2_Kimberly_Rice_Brown_Area_C2_Director_2018_19.jpg,success
gif-for-webpage-random-photos.gif,gif-for-webpage-random-photos.gif,success
distinguished_banner.png,distinguished_banner.png,success
1533950751_distinguished_banner.png,1533950751_distinguished_banner.png,success
savethedate.jpg,savethedate.jpg,success
oct20.jpg,oct20.jpg,success
patsbook.jpg,patsbook.jpg,success
pat.jpg,pat.jpg,success
table.jpg,table.jpg,success
ContestforFall2018RevisedLocationRevised20180813.jpg,ContestforFall2018RevisedLocationRevised20180813.jpg,success
benjaminfranklin1-2x.jpg,benjaminfranklin1-2x.jpg,success
Screenshot_20180822-114048.jpg,Screenshot_20180822-114048.jpg,success
Screenshot_20180822-114619.jpg,Screenshot_20180822-114619.jpg,success
haveanidea.png,haveanidea.png,success
Flier__1_page_.jpg,Flier__1_page_.jpg,success
15-due-date.jpg,15-due-date.jpg,success
th2S2MA7NG.jpg,th2S2MA7NG.jpg,success
500_F_66944069_Hz6Cdq2IAsXk07Et0uLNgARRAqPGnmWv.jpg,500_F_66944069_Hz6Cdq2IAsXk07Et0uLNgARRAqPGnmWv.jpg,success
newidea.jpg,newidea.jpg,success
oct_20.jpg,oct_20.jpg,success
FB_IMG_1536122574403.jpg,FB_IMG_1536122574403.jpg,success
1537512461_FB_IMG_1536122574403.jpg,1537512461_FB_IMG_1536122574403.jpg,success
Maria_M.png,Maria_M.png,success
Debra_Kroon_press_release.jpg,Debra_Kroon_press_release.jpg,success
powerhouse.png,powerhouse.png,success
GlowyKat.jpg,GlowyKat.jpg,success
events.jpg,events.jpg,success
leader_word_cloud.png,leader_word_cloud.png,success
mary_swanson.jpg,mary_swanson.jpg,success
TM-Districts2.jpg,TM-Districts2.jpg,success
charters.png,charters.png,success
1539208795_charters.png,1539208795_charters.png,success
Resized952018100995121332953103.jpg,Resized952018100995121332953103.jpg,success
Resized952018100995125148954436.jpg,Resized952018100995125148954436.jpg,success
Resized952018100995124435953796.jpg,Resized952018100995124435953796.jpg,success
Resized952018100995124417953464.jpg,Resized952018100995124417953464.jpg,success
Resized952018100995125652952706.jpg,Resized952018100995125652952706.jpg,success
Resized952018100995125101955347.jpg,Resized952018100995125101955347.jpg,success
1539289402_openingbanner.gif,1539289402_openingbanner.gif,success
1539461663_openingbanner.gif,1539461663_openingbanner.gif,success
d9webbanner.jpg,d9webbanner.jpg,success
1539464191_d9webbanner.jpg,1539464191_d9webbanner.jpg,success
trio1.jpg,trio1.jpg,success
smedley_quote_2.jpg,smedley_quote_2.jpg,success
ComingEvents.jpg,ComingEvents.jpg,success
business_mtg.png,business_mtg.png,success
www.png,www.png,success
upcoming_events.jpg,upcoming_events.jpg,success
accomplishments.jpg,accomplishments.jpg,success
1540079312_spring_conference_poster.jpg,1540079312_spring_conference_poster.jpg,success
20182019Trio.jpg,20182019Trio.jpg,success
2017-2108TopEdAwards.jpg,2017-2108TopEdAwards.jpg,success
DTMsFall2018.jpg,DTMsFall2018.jpg,success
Sprin2018DTMs.jpg,Sprin2018DTMs.jpg,success
powerhouse_nov_snip_of_page_1.png,powerhouse_nov_snip_of_page_1.png,success
speech_contest.jpg,speech_contest.jpg,success
whatdid_yousay.jpg,whatdid_yousay.jpg,success
under_construction.jpg,under_construction.jpg,success
1544140122_COT_div_B.jpg,1544140122_COT_div_B.jpg,success
military.png,military.png,success
wow.jpg,wow.jpg,success
powerhouse_january.png,powerhouse_january.png,success
2019_WA_proclamation.png,2019_WA_proclamation.png,success
our_trio_at_training.png,our_trio_at_training.png,success
midyear_training_facilitators.png,midyear_training_facilitators.png,success
talkuptm.jpg,talkuptm.jpg,success
A1_Mary_Syre_Area_A1_Director_2018_19.jpg,A1_Mary_Syre_Area_A1_Director_2018_19.jpg,success
A3_Carmen_Knoke_Area_A3_Director_2018_19.jpg,A3_Carmen_Knoke_Area_A3_Director_2018_19.jpg,success
d1_ryan_urie.jpg,d1_ryan_urie.jpg,success
D3_Vic_Racicot_D3_Director_2018_19.jpg,D3_Vic_Racicot_D3_Director_2018_19.jpg,success
Liliana_Mandigo__DTM_D9_PRM.jpg,Liliana_Mandigo__DTM_D9_PRM.jpg,success
FebruaryPowerhouse2019.png,FebruaryPowerhouse2019.png,success
SMEDLEY.png,SMEDLEY.png,success
Toastmasters_2019-_proclamation.jpg,Toastmasters_2019-_proclamation.jpg,success
District_Performance_feb19.jpg,District_Performance_feb19.jpg,success
District_9_Powerhouse_March_2019_Page_01.jpg,District_9_Powerhouse_March_2019_Page_01.jpg,success
d9_membership_pmts_feb_19J.jpg,d9_membership_pmts_feb_19J.jpg,success
d9_paid_clubs_030319.jpg,d9_paid_clubs_030319.jpg,success
Slide1.GIF,Slide1.GIF,success
1551817132_speech_contests_divbcd.jpg,1551817132_speech_contests_divbcd.jpg,success
toastmasters-2019-year-of-the-wow.png,toastmasters-2019-year-of-the-wow.png,success
2019conferenceflyer4-19.png,2019conferenceflyer4-19.png,success
2019ConferenceScheduleREV2_KH_Page_1.jpg,2019ConferenceScheduleREV2_KH_Page_1.jpg,success
Skedp1.png,Skedp1.png,success
Skedp2.png,Skedp2.png,success
1554249394_Skedp1.png,1554249394_Skedp1.png,success
marquardt.jpg,marquardt.jpg,success
malcolm.jpg,malcolm.jpg,success
hansen.jpg,hansen.jpg,success
dotta.jpg,dotta.jpg,success
mobley.jpg,mobley.jpg,success
1554835697_District_9_Powerhouse_April_2019_Page_01.jpg,1554835697_District_9_Powerhouse_April_2019_Page_01.jpg,success
MMM_CNGRTS2.jpg,MMM_CNGRTS2.jpg,success
dk_pqd.jpg,dk_pqd.jpg,success
caitllyn.jpg,caitllyn.jpg,success
showcase_flyer_-_D9_Conf_shfitsize.jpg,showcase_flyer_-_D9_Conf_shfitsize.jpg,success
District_9_Powerhouse_May_2019_Page_01.jpg,District_9_Powerhouse_May_2019_Page_01.jpg,success
483360f461348c2b9d40f2ca9e60a59f--public-speaking.jpg,483360f461348c2b9d40f2ca9e60a59f--public-speaking.jpg,success
coming-soon-397-1.jpg,coming-soon-397-1.jpg,success
Toastmaster_Photos__14__Maria______edited_copy.jpg,Toastmaster_Photos__14__Maria______edited_copy.jpg,success
deba_k_pr.jpg,deba_k_pr.jpg,success
CC_cgd_2019-20.jpg,CC_cgd_2019-20.jpg,success
Maria_McD-McNamar_19-20_PR_Page_1.jpg,Maria_McD-McNamar_19-20_PR_Page_1.jpg,success
Debra_Kroon_19-20_PR.jpg,Debra_Kroon_19-20_PR.jpg,success
Ceitllyn_Connal_19-20_PRrev.jpg,Ceitllyn_Connal_19-20_PRrev.jpg,success
ellensburg.jpg,ellensburg.jpg,success
beattheclock.jpg,beattheclock.jpg,success
Toastmasters-logo-new.png,Toastmasters-logo-new.png,success
District_9_Powerhouse_June_2019_Page_01.jpg,District_9_Powerhouse_June_2019_Page_01.jpg,success
100718_2323_ProgramQual1.jpg,100718_2323_ProgramQual1.jpg,success
1559338705_image.png,1559338705_image.png,success
TM-Woman_results.jpg,TM-Woman_results.jpg,success
2020_Conference_FlyerFinal.jpg,2020_Conference_FlyerFinal.jpg,success
WITH_mARGARET_pAGE__sECOND_vp.jpg,WITH_mARGARET_pAGE__sECOND_vp.jpg,success
yes.png,yes.png,success
trainingsign.jpg,trainingsign.jpg,success
Congratulations-confetti-background.jpg,Congratulations-confetti-background.jpg,success
MOVEFRWD.jpg,MOVEFRWD.jpg,success
moving_hourglass_gif_animation.gif,moving_hourglass_gif_animation.gif,success
iStock-134127925.jpg,iStock-134127925.jpg,success
Congratulations-clip-art-free-clipart-images-2-clipartcow-2.png,Congratulations-clip-art-free-clipart-images-2-clipartcow-2.png,success
good-job.jpg,good-job.jpg,success
Powerhouse_July_2019_Page_01.jpg,Powerhouse_July_2019_Page_01.jpg,success
19-20d9webbanner.jpg,19-20d9webbanner.jpg,success
1561941638_trio.jpg,1561941638_trio.jpg,success
TRIO-2019-2020.png,TRIO-2019-2020.png,success
1562109324_2020_Conference_FlyerFinal.jpg,1562109324_2020_Conference_FlyerFinal.jpg,success
IMG_1076_Debra_Kroon_PQD.jpg,IMG_1076_Debra_Kroon_PQD.jpg,success
IMG_1081_Ceitllyn_Connal_CGD_2019_20.jpg,IMG_1081_Ceitllyn_Connal_CGD_2019_20.jpg,success
Powerhouse_August_2019_Page_01.jpg,Powerhouse_August_2019_Page_01.jpg,success
IMG_1065_Jan_Taylor_IPDD.jpg,IMG_1065_Jan_Taylor_IPDD.jpg,success
IMG_1104_Brenda_Pangborn_D9_Finance_Manager_2019_20.jpg,IMG_1104_Brenda_Pangborn_D9_Finance_Manager_2019_20.jpg,success
IMG_1067_Mike_Anthony_Logistics_Manager.jpg,IMG_1067_Mike_Anthony_Logistics_Manager.jpg,success
IMG_1169_Ritva_Kinzel_Division_A_Director.jpg,IMG_1169_Ritva_Kinzel_Division_A_Director.jpg,success
IMG_1101_Mary_Syre_Area_A1_Director.jpg,IMG_1101_Mary_Syre_Area_A1_Director.jpg,success
IMG_1071_Scott_Peterson_A4.jpg,IMG_1071_Scott_Peterson_A4.jpg,success
IMG_1171_Jung_Pyung_Choi_Division_B_Director.jpg,IMG_1171_Jung_Pyung_Choi_Division_B_Director.jpg,success
IMG_1060_Jan_Van_Hoven_Division_D.jpg,IMG_1060_Jan_Van_Hoven_Division_D.jpg,success
IMG_1072_Charles_Richardson_Area_C3.jpg,IMG_1072_Charles_Richardson_Area_C3.jpg,success
IMG_1073_Carol_Tevenan_C4.jpg,IMG_1073_Carol_Tevenan_C4.jpg,success
IMG_1074_Bella_Pekie_Area_D1.jpg,IMG_1074_Bella_Pekie_Area_D1.jpg,success
IMG_1062_Jacqueline_Malinauskas_Area_D3.jpg,IMG_1062_Jacqueline_Malinauskas_Area_D3.jpg,success
IMG_1061_Al_Donnelly_Area_D4.jpg,IMG_1061_Al_Donnelly_Area_D4.jpg,success
IMG_1082_Rick_Aguilar_Division_E.jpg,IMG_1082_Rick_Aguilar_Division_E.jpg,success
IMG_1083_Ginger_Gatewood_Area_E1.jpg,IMG_1083_Ginger_Gatewood_Area_E1.jpg,success
2019-07-31_Smedley_2.jpg,2019-07-31_Smedley_2.jpg,success
trio_with_awards.jpg,trio_with_awards.jpg,success
Powerhouse_SEPTEMBER_2019_Page_01.jpg,Powerhouse_SEPTEMBER_2019_Page_01.jpg,success
ryanuriearticle.jpg,ryanuriearticle.jpg,success
Taste_of_diversity_2019-1.jpg,Taste_of_diversity_2019-1.jpg,success
Taste_of_diversity_2019-2.jpg,Taste_of_diversity_2019-2.jpg,success
Powerhouse_SEPTEMBER_2019_Page_14.jpg,Powerhouse_SEPTEMBER_2019_Page_14.jpg,success
FallSummitFlyer.jpg,FallSummitFlyer.jpg,success
1569031216_FallSummitFlyer.jpg,1569031216_FallSummitFlyer.jpg,success
Powerhouse_OCTOBER_2019_Page_01.jpg,Powerhouse_OCTOBER_2019_Page_01.jpg,success
Powerhouse_NOVEMBER_2019_Page_01.jpg,Powerhouse_NOVEMBER_2019_Page_01.jpg,success
MarkJohnson.jpg,MarkJohnson.jpg,success
Powerhouse_DECEMBER_2019-reduced_file_size_Page_01.jpg,Powerhouse_DECEMBER_2019-reduced_file_size_Page_01.jpg,success
30048E0658TRIO2018-2019.jpg,30048E0658TRIO2018-2019.jpg,success
2020_Conference_Flyer_v2.jpg,2020_Conference_Flyer_v2.jpg,success
TRIO-April2019.jpg,TRIO-April2019.jpg,success
Powerhouse_January_2020_Page_01.jpg,Powerhouse_January_2020_Page_01.jpg,success
District_9_Conference_Flyer_v2MariasDKV4.jpg,District_9_Conference_Flyer_v2MariasDKV4.jpg,success
Powerhouse_FEBRUARY_2020_Page_01.jpg,Powerhouse_FEBRUARY_2020_Page_01.jpg,success
Powerhouse_FEBRUARY_2020_reduced_file_size_Page_01.jpg,Powerhouse_FEBRUARY_2020_reduced_file_size_Page_01.jpg,success
PROXY_REMINDER.png,PROXY_REMINDER.png,success
Reminder_Proxy_Ad_2020.jpg,Reminder_Proxy_Ad_2020.jpg,success
VMM-Parking.JPG,VMM-Parking.JPG,success
CBC_Map.jpg,CBC_Map.jpg,success
jon_meyer.jpg,jon_meyer.jpg,success
DUANE.jpg,DUANE.jpg,success
deb_bisenius.jpg,deb_bisenius.jpg,success
elaine_e.jpg,elaine_e.jpg,success
CHAUNE.jpg,CHAUNE.jpg,success
VICTORIA_CH.jpg,VICTORIA_CH.jpg,success
Powerhouse_MARCH_2020_Page_01.jpg,Powerhouse_MARCH_2020_Page_01.jpg,success
District_Events_BOD__Decision_2020-03-14_29634__Page_1.jpg,District_Events_BOD__Decision_2020-03-14_29634__Page_1.jpg,success
Powerhouse_APRIL_2020_Page_01.jpg,Powerhouse_APRIL_2020_Page_01.jpg,success
KroonBio-PromoDD2020-21blue.png,KroonBio-PromoDD2020-21blue.png,success
Debra_Kroon.jpg,Debra_Kroon.jpg,success
Victoria_PQD_Page_1.jpg,Victoria_PQD_Page_1.jpg,success
Cody_Dickinson.jpg,Cody_Dickinson.jpg,success
Karen_M.jpg,Karen_M.jpg,success
2020_headshot_christine.jpg,2020_headshot_christine.jpg,success
MOBLEY.jpg,MOBLEY.jpg,success
charles.jpg,charles.jpg,success
Johnson__Mark_Pro_Photo.jpeg,Johnson__Mark_Pro_Photo.jpeg,success
wayne.jpg,wayne.jpg,success
Kmalcolm.jpg,Kmalcolm.jpg,success
SpeechCraft_Apr2020_PosterHandout.jpg,SpeechCraft_Apr2020_PosterHandout.jpg,success
video_ceitllyn_wants.gif,video_ceitllyn_wants.gif,success
Powerhouse_MAY_2020_Page_01.jpg,Powerhouse_MAY_2020_Page_01.jpg,success
SaveTheDate.png,SaveTheDate.png,success
ClubOfficerElections.png,ClubOfficerElections.png,success
Powerhouse_JUNE_2020_Page_01.jpg,Powerhouse_JUNE_2020_Page_01.jpg,success
Atomic_City.png,Atomic_City.png,success
1592084452_SaveTheDate.png,1592084452_SaveTheDate.png,success
Round_one_Club_Officer_Training_2020.png,Round_one_Club_Officer_Training_2020.png,success
20-21d9webbanner.jpg,20-21d9webbanner.jpg,success
trio_placeholder.png,trio_placeholder.png,success
1593609994_trio.jpg,1593609994_trio.jpg,success
powerhouse-july.png,powerhouse-july.png,success
Karen.jpg,Karen.jpg,success
Kroon__Debra-DD_Elect.jpg,Kroon__Debra-DD_Elect.jpg,success
Vicki-174w_jpg.jpg,Vicki-174w_jpg.jpg,success
Downing-FM.JPG,Downing-FM.JPG,success
Russell__Elizabeth-Admin.jpg,Russell__Elizabeth-Admin.jpg,success
Engel-DivB.png,Engel-DivB.png,success
charles_richardson.jpg,charles_richardson.jpg,success
Smith__Lloyd-A1.jpg,Smith__Lloyd-A1.jpg,success
Greene-B1.jpg,Greene-B1.jpg,success
Peters-D3.jpg,Peters-D3.jpg,success
JohsonSam-D4.png,JohsonSam-D4.png,success
Inzer-Stan_-_C1.jpg,Inzer-Stan_-_C1.jpg,success
Moore-B3.jpg,Moore-B3.jpg,success
NeuBruce-Area_D2.PNG,NeuBruce-Area_D2.PNG,success
Hull-Chief_Judge.jpg,Hull-Chief_Judge.jpg,success
1STMAKEUP.png,1STMAKEUP.png,success
Bisenius-C3.jpg,Bisenius-C3.jpg,success
Normandeau-C2.PNG,Normandeau-C2.PNG,success
virtual_convention.png,virtual_convention.png,success
SmedleyPromo1.PNG,SmedleyPromo1.PNG,success
dues_renewal_8-20-2020.png,dues_renewal_8-20-2020.png,success
POWERHOUSE_Plus__Important_Dates___Events_.jpg,POWERHOUSE_Plus__Important_Dates___Events_.jpg,success
AugPowerhouseGraphic.jpg,AugPowerhouseGraphic.jpg,success
Aug__POWERHOUSE_Plus.jpg,Aug__POWERHOUSE_Plus.jpg,success
powerhouse_sept_2020.png,powerhouse_sept_2020.png,success
powerhouse_plus.jpg,powerhouse_plus.jpg,success
Promo_for_Council_Meeting_with_Monique.png,Promo_for_Council_Meeting_with_Monique.png,success
Promo_1_Fall.png,Promo_1_Fall.png,success
october.jpg,october.jpg,success
2ndQtrChallenge2020.jpg,2ndQtrChallenge2020.jpg,success
october_powerhouse_plus.jpg,october_powerhouse_plus.jpg,success
Al_D_Chief_Judge.PNG,Al_D_Chief_Judge.PNG,success
2020-2021Trio.jpg,2020-2021Trio.jpg,success
2020-2021TrioSmaller.jpg,2020-2021TrioSmaller.jpg,success
ClubCharterDates1.jpg,ClubCharterDates1.jpg,success
ClubCharterDates2.jpg,ClubCharterDates2.jpg,success
DTMs1_copy.png,DTMs1_copy.png,success
nov2020.png,nov2020.png,success
COTNovember_21-2020.png,COTNovember_21-2020.png,success
Candidate_Call.png,Candidate_Call.png,success
24_Hours_of_Toastmasters_and_Culture-2.png,24_Hours_of_Toastmasters_and_Culture-2.png,success
december_powerhouse.png,december_powerhouse.png,success
ReigniteBanner.png,ReigniteBanner.png,success
1609972432_ReigniteBanner.png,1609972432_ReigniteBanner.png,success
powerhouse_january_21.png,powerhouse_january_21.png,success
EmployerPhoto.png,EmployerPhoto.png,success
425-RotaryAlliancePowerPoint4X3.png,425-RotaryAlliancePowerPoint4X3.png,success
CommunityPhoto.png,CommunityPhoto.png,success
1613063259_image.png,1613063259_image.png,success
2021-Feb_Open_House_CayUmaWa_pix.jpg,2021-Feb_Open_House_CayUmaWa_pix.jpg,success
2021-Mar_Open_House_Pdt_154-scanned-2.jpg,2021-Mar_Open_House_Pdt_154-scanned-2.jpg,success
powerhouseFEBRUARY.png,powerhouseFEBRUARY.png,success
february_21_PLUS.png,february_21_PLUS.png,success
march_2021.png,march_2021.png,success
pwPLUS_march.png,pwPLUS_march.png,success
SmedleyEmergencyFundApplication__page_1_of_2_.png,SmedleyEmergencyFundApplication__page_1_of_2_.png,success
Candidate_announcement.JPG,Candidate_announcement.JPG,success
APRIL_POWERHOUSE.png,APRIL_POWERHOUSE.png,success
plus_april.png,plus_april.png,success
D9_2021ConferenceLogo.jpg,D9_2021ConferenceLogo.jpg,success
BannerforConferencePage.jpg,BannerforConferencePage.jpg,success
LouisaDavis.jpg,LouisaDavis.jpg,success
TyreeJohnson.jpg,TyreeJohnson.jpg,success
Craig_Valentine.png,Craig_Valentine.png,success
Paul_Artale__PhD.png,Paul_Artale__PhD.png,success
2021ConferenceBanner.jpg,2021ConferenceBanner.jpg,success
may21.jpg,may21.jpg,success
maypower21.png,maypower21.png,success
PWR_JUNE21.png,PWR_JUNE21.png,success
JunePlusBanner.jpg,JunePlusBanner.jpg,success
21-22d9webbanner.jpg,21-22d9webbanner.jpg,success
club_officer_training.jpg,club_officer_training.jpg,success
trio_only_two.png,trio_only_two.png,success
First_Round_Notice_for_email_-_2021.07.24.jpg,First_Round_Notice_for_email_-_2021.07.24.jpg,success
FallAwardsPromo21.jpg,FallAwardsPromo21.jpg,success
COT_DEC_AND_JAN.jpg,COT_DEC_AND_JAN.jpg,success
January_Open_Houses22.jpg,January_Open_Houses22.jpg,success
dec_mtg_feb_5.png,dec_mtg_feb_5.png,success
1642472004_dec_mtg_feb_5.png,1642472004_dec_mtg_feb_5.png,success
1642472005_dec_mtg_feb_5.png,1642472005_dec_mtg_feb_5.png,success
MargaretPage_D39.png,MargaretPage_D39.png,success
COT_JUNE_22.png,COT_JUNE_22.png,success
22-23d9webbanner.jpg,22-23d9webbanner.jpg,success
July_2022_POWERHOUSE_Newsletter_Page_1.jpg,July_2022_POWERHOUSE_Newsletter_Page_1.jpg,success
Zoom-Symbol.jpg,Zoom-Symbol.jpg,success
1.png,1.png,success
ConferenceLogoCropped.png,ConferenceLogoCropped.png,success
2.png,2.png,success
ClubOfficerTraining-1024x576.jpg,ClubOfficerTraining-1024x576.jpg,success
Bannerwmaroon.png,Bannerwmaroon.png,success
Join_us.GIF,Join_us.GIF,success
Linda-Marie-Miller-Headshot-e1650712589394-320x320.jpeg,Linda-Marie-Miller-Headshot-e1650712589394-320x320.jpeg,success
District_9_Oct_Power_House_Newsletter_October_2022_70__pdf.png,District_9_Oct_Power_House_Newsletter_October_2022_70__pdf.png,success
2022-23Trio.png,2022-23Trio.png,success
CharterDates.png,CharterDates.png,success
dynamic_leadership_5852-main.png,dynamic_leadership_5852-main.png,success
Effective_Coaching_5853-main.png,Effective_Coaching_5853-main.png,success
engaging-humor-proficient-pin-15865-toastmasters-.png,engaging-humor-proficient-pin-15865-toastmasters-.png,success
Innovative_Planning_5850-main.png,Innovative_Planning_5850-main.png,success
Leadership_Development_5854-main.png,Leadership_Development_5854-main.png,success
Motivational_Strategies_5856-main.png,Motivational_Strategies_5856-main.png,success
presentation_mastery_5851-main.png,presentation_mastery_5851-main.png,success
Strategic_relationships_5859-main.png,Strategic_relationships_5859-main.png,success
Team_Colob_5858-main.png,Team_Colob_5858-main.png,success
Visionary_Communicator_5855-main.png,Visionary_Communicator_5855-main.png,success
1667761084_District_9_Oct_Power_House_Newsletter_October_2022_70__pdf.png,1667761084_District_9_Oct_Power_House_Newsletter_October_2022_70__pdf.png,success
PowerhouseSep22Thumbnail.png,PowerhouseSep22Thumbnail.png,success
ThumbnailAugust_2022_POWERHOUSE_Newsletter_71__pdf.png,ThumbnailAugust_2022_POWERHOUSE_Newsletter_71__pdf.png,success
July_2022_ThumbnailPOWERHOUSE_Newsletter_72__pdf.png,July_2022_ThumbnailPOWERHOUSE_Newsletter_72__pdf.png,success
Cursor_and_February_1_Vector_Art__Icons__and_Graphics_for_Free_Download.png,Cursor_and_February_1_Vector_Art__Icons__and_Graphics_for_Free_Download.png,success
March_1_Vector_Art__Icons__and_Graphics_for_Free_Download.png,March_1_Vector_Art__Icons__and_Graphics_for_Free_Download.png,success
Cursor_and_March_22_Vector_Art__Icons__and_Graphics_for_Free_Download.png,Cursor_and_March_22_Vector_Art__Icons__and_Graphics_for_Free_Download.png,success
StepUpSpeakUp.png,StepUpSpeakUp.png,success
ShowcaseLogo.jpg,ShowcaseLogo.jpg,success
Discovering_New_Paths_to_SuccessSmaller.png,Discovering_New_Paths_to_SuccessSmaller.png,success
Elevated_Threat.png,Elevated_Threat.png,success
phishingwarning.png,phishingwarning.png,success
Fall2016ConfButton.png,Fall2016ConfButton.png,success
Spring2016CongButton.png,Spring2016CongButton.png,success
Fall2015ConfButton.png,Fall2015ConfButton.png,success
Spring2015ConfButton.png,Spring2015ConfButton.png,success
Fall2104ConfButton.png,Fall2104ConfButton.png,success
Spring2014ConfButton.png,Spring2014ConfButton.png,success
Fall2013ConfButton.png,Fall2013ConfButton.png,success
Spring2013ConfButton.png,Spring2013ConfButton.png,success
TLISButton.png,TLISButton.png,success
IntlConventionButton.png,IntlConventionButton.png,success
Lake_Pend_Oreille_announcement.png,Lake_Pend_Oreille_announcement.png,success
my-home-tour-play.png,my-home-tour-play.png,success
Thumbnail05_November_District_9_Powerhouse_Newsletter_pdf.png,Thumbnail05_November_District_9_Powerhouse_Newsletter_pdf.png,success
1671297361_Thumbnail05_November_District_9_Powerhouse_Newsletter_pdf.png,1671297361_Thumbnail05_November_District_9_Powerhouse_Newsletter_pdf.png,success
1671297508_Thumbnail05_November_District_9_Powerhouse_Newsletter_pdf.png,1671297508_Thumbnail05_November_District_9_Powerhouse_Newsletter_pdf.png,success
CancelledSmall.png,CancelledSmall.png,success
06DecemberDistrict9PowerhouseNewsletterThumbnail.png,06DecemberDistrict9PowerhouseNewsletterThumbnail.png,success
toastmasters-public-service-announcement.png,toastmasters-public-service-announcement.png,success
CallforCandidatesGraphic.png,CallforCandidatesGraphic.png,success
CALL_FOR_CANDIDATES_-_WEBSITE__11____4_in_.png,CALL_FOR_CANDIDATES_-_WEBSITE__11____4_in_.png,success
toastmasters_where_leaders_are_made_-_Google_Search.png,toastmasters_where_leaders_are_made_-_Google_Search.png,success
CallforCandidatesGraphicREV.png,CallforCandidatesGraphicREV.png,success
DistrictOfficerTraining.png,DistrictOfficerTraining.png,success
ClubOfficerTraining.png,ClubOfficerTraining.png,success
1673889609_DistrictOfficerTraining.png,1673889609_DistrictOfficerTraining.png,success
SatRegistrationButton.png,SatRegistrationButton.png,success
FriRegistrationButton.png,FriRegistrationButton.png,success
07_District_9_Powerhouse_Newsletter_January_2023_Thumbnail.png,07_District_9_Powerhouse_Newsletter_January_2023_Thumbnail.png,success
Dues-are-Due7-1.jpg,Dues-are-Due7-1.jpg,success
2022-1117-Profile_Pic-Transparent-Cropped_7__copy.png,2022-1117-Profile_Pic-Transparent-Cropped_7__copy.png,success
ThumbnailSowing_Growing.png,ThumbnailSowing_Growing.png,success
MasterClassforMembershipGrowth.png,MasterClassforMembershipGrowth.png,success
ThumbnailPOWERHOUSE_for_February_2023_40__pdf.png,ThumbnailPOWERHOUSE_for_February_2023_40__pdf.png,success
ThumbnailMarch_Toastmaster_Month_Proclamatin_69__pdf.png,ThumbnailMarch_Toastmaster_Month_Proclamatin_69__pdf.png,success
CloudContestConsole.png,CloudContestConsole.png,success
ThumbnailDistrict_9_Power_House_Newsletter_3_24_2023_51__pdf.png,ThumbnailDistrict_9_Power_House_Newsletter_3_24_2023_51__pdf.png,success
ThumbnailDistrict_Conference_Greeting_from_International_President_Matt_Kinsey.png,ThumbnailDistrict_Conference_Greeting_from_International_President_Matt_Kinsey.png,success
ThumbnailLinda-Marie_Miller_s_Personal_Meeting_Room_-_Zoom.png,ThumbnailLinda-Marie_Miller_s_Personal_Meeting_Room_-_Zoom.png,success
ThumbnailConf_Schedule_4-6-23_V8-Pg1.png,ThumbnailConf_Schedule_4-6-23_V8-Pg1.png,success
ThumbnailApril_2023_District_9_Powerhouse_Newsletter_34__pdf.png,ThumbnailApril_2023_District_9_Powerhouse_Newsletter_34__pdf.png,success
IS_2023_Contest_Winners.png,IS_2023_Contest_Winners.png,success
1682958406_IS_2023_Contest_Winners.png,1682958406_IS_2023_Contest_Winners.png,success
All_IS_contest_participants_4-29-2023.png,All_IS_contest_participants_4-29-2023.png,success
EvaluationContestWinners.png,EvaluationContestWinners.png,success
EvaluationContest.png,EvaluationContest.png,success
Pathways_Panel_photo_4-29-2023.png,Pathways_Panel_photo_4-29-2023.png,success
Attendees.png,Attendees.png,success
Partial_attendance_at_D9_conference_2023.png,Partial_attendance_at_D9_conference_2023.png,success
DTMs2023.png,DTMs2023.png,success
May_20_-_DistrictCouncilMeeting.png,May_20_-_DistrictCouncilMeeting.png,success
Jessica3.jpeg,Jessica3.jpeg,success
LindaM2.jpeg,LindaM2.jpeg,success
Dick2.jpeg,Dick2.jpeg,success
TOASTMASTERS.png,TOASTMASTERS.png,success
LindaMWorkshop.jpeg,LindaMWorkshop.jpeg,success
SNEDTalkers.png,SNEDTalkers.png,success
2023-2024Trio.png,2023-2024Trio.png,success
Thumbnail_District_9_Powerhouse_Newsletter_May_2023_30__pdf.png,Thumbnail_District_9_Powerhouse_Newsletter_May_2023_30__pdf.png,success
Thumbnail_June_2023_District_9_Powerhouse_Newsletter_12__pdf.png,Thumbnail_June_2023_District_9_Powerhouse_Newsletter_12__pdf.png,success
DuesIncreaseSelfPay.png,DuesIncreaseSelfPay.png,success
PowerhouseBanner0723.png,PowerhouseBanner0723.png,success
TRIO_for_Website_2023-2024.PNG,TRIO_for_Website_2023-2024.PNG,success
1689521734_TRIO_for_Website_2023-2024.PNG,1689521734_TRIO_for_Website_2023-2024.PNG,success
AugPHBanner.png,AugPHBanner.png,success
HomePagebanner.png,HomePagebanner.png,success
CharterDatesScreenshot.png,CharterDatesScreenshot.png,success
POWERHOUSE_September_2023_Issue_____First_Quarter_well_underway__-_Inbox_____dd_kathy_tmd9_club.png,POWERHOUSE_September_2023_Issue_____First_Quarter_well_underway__-_Inbox_____dd_kathy_tmd9_club.png,success
DCGraphic.png,DCGraphic.png,success
ReviveThriveStrive.png,ReviveThriveStrive.png,success
ReviveThriveStrive_Smaller.png,ReviveThriveStrive_Smaller.png,success
ThumbnailFallDistrictCouncil091623.png,ThumbnailFallDistrictCouncil091623.png,success
PHouseOctBanner.png,PHouseOctBanner.png,success
ReviveThriveStriveSmallerwMarkH.png,ReviveThriveStriveSmallerwMarkH.png,success
1696519653_ReviveThriveStriveSmallerwMarkH.png,1696519653_ReviveThriveStriveSmallerwMarkH.png,success
3Speakers.png,3Speakers.png,success
ImageofKeynoterVideo.png,ImageofKeynoterVideo.png,success
DCPChallenge2023-2024.png,DCPChallenge2023-2024.png,success
DickJensenTOTY.png,DickJensenTOTY.png,success
PersuasiveInfluenceBadge.png,PersuasiveInfluenceBadge.png,success
PathwaysMentorProgramCompleted.png,PathwaysMentorProgramCompleted.png,success
Speechcraft_presented_by_Sheryl_Roush_-_Zoom.png,Speechcraft_presented_by_Sheryl_Roush_-_Zoom.png,success
SpeakerCollage.png,SpeakerCollage.png,success
Scenes.png,Scenes.png,success
Fall2023EventButton.png,Fall2023EventButton.png,success
BlankBlueSquare.png,BlankBlueSquare.png,success
BrendaGettingDTM.png,BrendaGettingDTM.png,success
Level5Completions.png,Level5Completions.png,success
TripleCrownCollage.png,TripleCrownCollage.png,success
PathwaysMentorProgram.png,PathwaysMentorProgram.png,success
DistinguishedAreas.png,DistinguishedAreas.png,success
InternationalAwards.png,InternationalAwards.png,success
MembershipContests.png,MembershipContests.png,success
Top10EdAwards.png,Top10EdAwards.png,success
NotableClubAnniversaries.png,NotableClubAnniversaries.png,success
IndivSponsorsofNewMembers.png,IndivSponsorsofNewMembers.png,success
DistinguishedClubs.png,DistinguishedClubs.png,success
OutstandingMembers.png,OutstandingMembers.png,success
TripleCrownCollageREV2.png,TripleCrownCollageREV2.png,success
PHoouseNovBanner.png,PHoouseNovBanner.png,success
GitRDone-removebg-preview.png,GitRDone-removebg-preview.png,success
DTMs.png,DTMs.png,success
SpeechcraftBrickWall.png,SpeechcraftBrickWall.png,success
NewYear_sResolution.png,NewYear_sResolution.png,success
HoldingYouBack.png,HoldingYouBack.png,success
SpeechcraftSampleEmployment.png,SpeechcraftSampleEmployment.png,success
SpeechcraftSample1.png,SpeechcraftSample1.png,success
BoostConfidence.png,BoostConfidence.png,success
TimetoEnhanceCommSkills2.png,TimetoEnhanceCommSkills2.png,success
SpecialEventFlyerAlone.png,SpecialEventFlyerAlone.png,success
Speechcraft_Flier2.png,Speechcraft_Flier2.png,success
Speechcraft_Flier.png,Speechcraft_Flier.png,success
SpeechcraftFlier3.png,SpeechcraftFlier3.png,success
SpecechcraftFlier4.png,SpecechcraftFlier4.png,success
Public_speaking.png,Public_speaking.png,success
Exude_Confidence_.png,Exude_Confidence_.png,success
Exude_Confidence___1080_x_1350_px_.png,Exude_Confidence___1080_x_1350_px_.png,success
DecPowerhouseBanner.png,DecPowerhouseBanner.png,success
JanPowerhouseBanner.png,JanPowerhouseBanner.png,success
JanPowerhouseBanner-removebg-preview.png,JanPowerhouseBanner-removebg-preview.png,success
AllColors.png,AllColors.png,success
1706202103_AllColors.png,1706202103_AllColors.png,success
icecream.png,icecream.png,success
sondra-nunez.png,sondra-nunez.png,success
OpportunityPresbyChurch_Narthex.png,OpportunityPresbyChurch_Narthex.png,success
FebPowerhouse.png,FebPowerhouse.png,success
RegistrationButton.png,RegistrationButton.png,success
DCPChallenge2023-2024EXTENDED.png,DCPChallenge2023-2024EXTENDED.png,success
NoBGLogo.png,NoBGLogo.png,success
1708016048_NoBGLogo.png,1708016048_NoBGLogo.png,success
Conference_Speaker_Preview__Semi-annual_Dues_renewals_open.png,Conference_Speaker_Preview__Semi-annual_Dues_renewals_open.png,success
100-years-color-district-9.png,100-years-color-district-9.png,success
Thumbnail_Districts_Map_2023-2024_-_toastmasters-districts-2023-2024_pdf.png,Thumbnail_Districts_Map_2023-2024_-_toastmasters-districts-2023-2024_pdf.png,success
Toastmasters_Districts_Map_2023-2024_-_toastmasters-districts-2023-2024_pdf.png,Toastmasters_Districts_Map_2023-2024_-_toastmasters-districts-2023-2024_pdf.png,success
AprilPHbanner.png,AprilPHbanner.png,success
MayPowerhouse.png,MayPowerhouse.png,success
Phshing-Warning.png,Phshing-Warning.png,success
1716159556_NoBGLogo.png,1716159556_NoBGLogo.png,success
DTMPhoto.jpeg,DTMPhoto.jpeg,success
ArthurCollage.png,ArthurCollage.png,success
PowerPointKaraokeCollage.png,PowerPointKaraokeCollage.png,success
PPTKaraokeCollageforTMD9.png,PPTKaraokeCollageforTMD9.png,success
PPointKaraokeWinner.png,PPointKaraokeWinner.png,success
1stTimersforTMD9.png,1stTimersforTMD9.png,success
1stTimersWinners.png,1stTimersWinners.png,success
SondraCollage.png,SondraCollage.png,success
TableTopicsContest.png,TableTopicsContest.png,success
TableTopicsWinners.png,TableTopicsWinners.png,success
CorpAwardSondraforTMD9.png,CorpAwardSondraforTMD9.png,success
SMEDTALK_Speakers.png,SMEDTALK_Speakers.png,success
InternationalSpeechforTMD9.png,InternationalSpeechforTMD9.png,success
Toastmasters.png,Toastmasters.png,success
ConfCommitteeforTMD9.png,ConfCommitteeforTMD9.png,success
FacesCollage.png,FacesCollage.png,success
EverythingElse.png,EverythingElse.png,success
JunePowerhouseBanner.png,JunePowerhouseBanner.png,success
ConferenceThumbnail.png,ConferenceThumbnail.png,success
ConsolidationRequestLetterThumbnail.png,ConsolidationRequestLetterThumbnail.png,success
2024-2025Trio.png,2024-2025Trio.png,success
TMD9_2024-2025_Page_Banner__1__png_and_TMD9_2024-2025_Page_Banner_-_Facebook_Cover.png,TMD9_2024-2025_Page_Banner__1__png_and_TMD9_2024-2025_Page_Banner_-_Facebook_Cover.png,success
HappyNewYearBanner.png,HappyNewYearBanner.png,success
July2024PowerhouseBanner.png,July2024PowerhouseBanner.png,success
Morga.png,Morga.png,success
AugBanner.png,AugBanner.png,success
AugPowerhouseSmaller.png,AugPowerhouseSmaller.png,success
ThemeLogo2024-2025-removebg-preview.png,ThemeLogo2024-2025-removebg-preview.png,success
1723224914_Contests.jpg,1723224914_Contests.jpg,success
IMG_6519.jpeg,IMG_6519.jpeg,success
IMG_1285.jpeg,IMG_1285.jpeg,success
SeptPH.png,SeptPH.png,success
ThumbnailDistrictCouncil.png,ThumbnailDistrictCouncil.png,success
OctPH.png,OctPH.png,success
LogoforNov16Evenbt.png,LogoforNov16Evenbt.png,success
Luisa_Montalvo_copy.png,Luisa_Montalvo_copy.png,success
mark_havens_lewiston_.png,mark_havens_lewiston_.png,success
Nov16LogoTightcrop.png,Nov16LogoTightcrop.png,success
aaron_anderson_spokane_-_Google_Search.png,aaron_anderson_spokane_-_Google_Search.png,success
RegisterButton.png,RegisterButton.png,success
Nov16LogoTightcrop-removebg-preview.png,Nov16LogoTightcrop-removebg-preview.png,success
NovPH.png,NovPH.png,success
NewD2.png,NewD2.png,success
BreakingNews.png,BreakingNews.png,success
DecPH.png,DecPH.png,success
CallForCandidates.png,CallForCandidates.png,success
JanPH.png,JanPH.png,success
D9ConferenceLogo2025.png,D9ConferenceLogo2025.png,success
mystery_person_.png,mystery_person_.png,success
2024ContresWinners.png,2024ContresWinners.png,success
FebPH.png,FebPH.png,success
CC_Charcuterie_bouquet_______Crystalicious_Caters.png,CC_Charcuterie_bouquet_______Crystalicious_Caters.png,success
1738683128_RegistrationButton.png,1738683128_RegistrationButton.png,success
PathwaysDemoThumbnail.jpg,PathwaysDemoThumbnail.jpg,success
Linda-MarieReveal.png,Linda-MarieReveal.png,success
MarchPH.png,MarchPH.png,success
FridayCollage.png,FridayCollage.png,success
MorningCollage.png,MorningCollage.png,success
DavidKeyesReveal.png,DavidKeyesReveal.png,success
HUMOROUSCONTEST.jpg,HUMOROUSCONTEST.jpg,success
Terri_Aaron.png,Terri_Aaron.png,success
Linda-Marie2.jpeg,Linda-Marie2.jpeg,success
ConferenceScheduleThumbnail.png,ConferenceScheduleThumbnail.png,success
BannerforZeffy.png,BannerforZeffy.png,success
FridayNightVertical.png,FridayNightVertical.png,success
District_2_Leadership_Nominations.png,District_2_Leadership_Nominations.png,success
Breaking.png,Breaking.png,success
AprilPH.png,AprilPH.png,success
1743611554_AprilPH.png,1743611554_AprilPH.png,success
Aaron_Terri.png,Aaron_Terri.png,success
Aaron_8.jpg.png,Aaron_8.jpg.png,success
MayPH.png,MayPH.png,success
1000017591.jpeg,1000017591.jpeg,success
Karen.jpeg,Karen.jpeg,success
Blue.jpeg,Blue.jpeg,success
Aaron_Lam.jpeg,Aaron_Lam.jpeg,success
ColorGuard.jpeg,ColorGuard.jpeg,success
Hannah.jpeg,Hannah.jpeg,success
Pam_Jackie.jpeg,Pam_Jackie.jpeg,success
NancyMorning.jpeg,NancyMorning.jpeg,success
Linda-MarieMontage.png,Linda-MarieMontage.png,success
DavidKeyes2.jpeg,DavidKeyes2.jpeg,success
AllinHumorous.png,AllinHumorous.png,success
IMG_7737.jpeg,IMG_7737.jpeg,success
Maura.jpeg,Maura.jpeg,success
Lunch.png,Lunch.png,success
Level1s.jpeg,Level1s.jpeg,success
TripleCrowns.jpeg,TripleCrowns.jpeg,success
DistrictLeaders.jpeg,DistrictLeaders.jpeg,success
PendingClubCoaches.jpeg,PendingClubCoaches.jpeg,success
PrisonClubVols.jpeg,PrisonClubVols.jpeg,success
Latah.jpeg,Latah.jpeg,success
DTMs.jpeg,DTMs.jpeg,success
PastDDs_DGs.jpeg,PastDDs_DGs.jpeg,success
ConfCommittee.jpeg,ConfCommittee.jpeg,success
Co-Chairs.jpeg,Co-Chairs.jpeg,success
Gwen.jpeg,Gwen.jpeg,success
TrioAwards.png,TrioAwards.png,success
AreaDirectorsFramed.png,AreaDirectorsFramed.png,success
Dick.jpeg,Dick.jpeg,success
Aaron.jpeg,Aaron.jpeg,success
AaronTOTY.jpeg,AaronTOTY.jpeg,success
FirstTimers.png,FirstTimers.png,success
SMEDTalkers.png,SMEDTalkers.png,success
L-MwFaces.png,L-MwFaces.png,success
MontagefoAll.png,MontagefoAll.png,success
TopWinners.jpeg,TopWinners.jpeg,success
LLoyd.jpeg,LLoyd.jpeg,success
HomePageMontage.png,HomePageMontage.png,success
D2Vote.png,D2Vote.png,success
Catherine.jpeg,Catherine.jpeg,success
Toastmasters.jpeg,Toastmasters.jpeg,success
JunePH.png,JunePH.png,success
/ac-50i.jpg,/ac-50i.jpg,success
/ac-56i.jpg,/ac-56i.jpg,success
/ac-100i.jpg,/ac-100i.jpg,success
/ac-141i.jpg,/ac-141i.jpg,success
/ac-210i.jpg,/ac-210i.jpg,success
/ac-251i.jpg,/ac-251i.jpg,success
/ac-315i.jpg,/ac-315i.jpg,success
/ac-346i.jpg,/ac-346i.jpg,success
/ac-378i.jpg,/ac-378i.jpg,success
/ac-455i.jpg,/ac-455i.jpg,success
/ac-478i.jpg,/ac-478i.jpg,success
/ac-496i.jpg,/ac-496i.jpg,success
/Newport-39i.jpg,/Newport-39i.jpg,success
/ac-158i.jpg,/ac-158i.jpg,success
/ac-275i.jpg,/ac-275i.jpg,success
/ac-596i.jpg,/ac-596i.jpg,success
/ac-616i.jpg,/ac-616i.jpg,success
/tm-logo-small.jpg,/tm-logo-small.jpg,success
/nt-club-.75h3.38w.png,/nt-club-.75h3.38w.png,success
/nt-club-.75h3.5w.png,/nt-club-.75h3.5w.png,success
/nt-club-.75h4w.png,/nt-club-.75h4w.png,success
/nt-club-1h4w.png,/nt-club-1h4w.png,success
/nt-club-base-nosunburst.png,/nt-club-base-nosunburst.png,success
/nt-club-base-sunburst.png,/nt-club-base-sunburst.png,success
/nt-district-.75h3.38w.png,/nt-district-.75h3.38w.png,success
/nt-district-.75h3.5w.png,/nt-district-.75h3.5w.png,success
/nt-district-.75h4w.png,/nt-district-.75h4w.png,success
/nt-district-1h4w.png,/nt-district-1h4w.png,success
/nt-district-base-nosunburst.png,/nt-district-base-nosunburst.png,success
/nt-district-base-sunburst.png,/nt-district-base-sunburst.png,success
/nt-tmcolorlogo.png,/nt-tmcolorlogo.png,success
